vertex,pagerank
A,0.2000000000
B,0.2000000000
C,0.2000000000
D,0.2000000000
E,0.2000000000
