vertex,pagerank
V1,0.1283318408
V9,0.1261264217
V3,0.1255413842
V2,0.1167701821
V5,0.1049032612
V6,0.0961320591
V8,0.0902608365
V10,0.0749767527
V4,0.0710003516
V7,0.0659569101
