vertex,pagerank
V1,0.1480459614
V3,0.1258921088
V2,0.1128766461
V5,0.0952674897
V7,0.0951430632
V9,0.0938527909
V10,0.0933044237
V8,0.0903929146
V6,0.0822520270
V4,0.0629725747
