vertex,pagerank
V7,0.1969597812
V9,0.1826096257
V2,0.1221353085
V6,0.1095808312
V8,0.0987079062
V3,0.0808991077
V5,0.0778178117
V4,0.0669075066
V1,0.0493821211
V10,0.0150000000
